date,open,high,low,close,tick vol,vol,spread

2020.01.02,1.12132,1.12143,1.11635,1.11722,30404,0,1

2020.01.03,1.11722,1.11797,1.11250,1.11558,39449,0,1

2020.01.06,1.11646,1.12054,1.11571,1.11968,32448,0,1

2020.01.07,1.11960,1.11975,1.11335,1.11526,35909,0,1

2020.01.08,1.11529,1.11681,1.11016,1.11053,50619,0,1

2020.01.09,1.11053,1.11203,1.10923,1.11051,32024,0,1

2020.01.10,1.11051,1.11291,1.10850,1.11212,30181,0,1

2020.01.13,1.11162,1.11469,1.11127,1.11338,25932,0,1

2020.01.14,1.11338,1.11444,1.11042,1.11274,31762,0,1

2020.01.15,1.11284,1.11633,1.11185,1.11495,29102,0,1

2020.01.16,1.11492,1.11726,1.11278,1.11358,30453,0,1

2020.01.17,1.11352,1.11425,1.10862,1.10893,28089,0,1

2020.01.20,1.10920,1.11024,1.10766,1.10944,18552,0,1

2020.01.21,1.10934,1.11180,1.10809,1.10819,29051,0,1

2020.01.22,1.10816,1.10983,1.10701,1.10920,30270,0,1

2020.01.23,1.10920,1.11087,1.10363,1.10542,37577,0,1

2020.01.24,1.10542,1.10617,1.10196,1.10255,32850,0,1

2020.01.27,1.10295,1.10375,1.10096,1.10184,33777,0,1

2020.01.28,1.10185,1.10251,1.09977,1.10220,28331,0,1

2020.01.29,1.10219,1.10277,1.09922,1.10099,28043,0,1

2020.01.30,1.10098,1.10393,1.10068,1.10312,34415,0,1

2020.01.31,1.10313,1.10951,1.10168,1.10943,37949,0,1

2020.02.03,1.10907,1.10927,1.10349,1.10593,35264,0,1

2020.02.04,1.10590,1.10642,1.10327,1.10434,32443,0,1

2020.02.05,1.10436,1.10478,1.09935,1.09989,33576,0,1

2020.02.06,1.09989,1.10138,1.09643,1.09827,29014,0,1

2020.02.07,1.09827,1.09849,1.09418,1.09430,38494,0,1

2020.02.10,1.09424,1.09574,1.09076,1.09105,28211,0,1

2020.02.11,1.09105,1.09247,1.08912,1.09145,30977,0,1

2020.02.12,1.09146,1.09255,1.08651,1.08728,31063,0,1

2020.02.13,1.08716,1.08887,1.08339,1.08408,34413,0,1

2020.02.14,1.08408,1.08612,1.08272,1.08301,29198,0,1

2020.02.17,1.08397,1.08509,1.08291,1.08346,21012,0,1

2020.02.18,1.08345,1.08372,1.07852,1.07907,34567,0,1

2020.02.19,1.07906,1.08117,1.07821,1.08039,33315,0,1

2020.02.20,1.08033,1.08211,1.07775,1.07838,40984,0,1

2020.02.21,1.07841,1.08634,1.07835,1.08474,40454,0,1

2020.02.24,1.08250,1.08720,1.08049,1.08520,54843,0,1

2020.02.25,1.08519,1.08901,1.08300,1.08806,60638,0,1

2020.02.26,1.08806,1.09087,1.08549,1.08807,60645,0,1

2020.02.27,1.08812,1.10066,1.08771,1.09998,76238,0,1

2020.02.28,1.09998,1.10531,1.09508,1.10293,97598,0,1

2020.03.02,1.10407,1.11845,1.10362,1.11332,86124,0,1

2020.03.03,1.11314,1.12130,1.10951,1.11710,80800,0,1

2020.03.04,1.11707,1.11875,1.10953,1.11336,63822,0,1

2020.03.05,1.11340,1.12447,1.11195,1.12371,60736,0,1

2020.03.06,1.12370,1.13546,1.12113,1.12901,94001,0,1

2020.03.09,1.13469,1.14964,1.13397,1.14358,187327,0,1

2020.03.10,1.14358,1.14574,1.12743,1.12905,190339,0,8

2020.03.11,1.12905,1.13662,1.12500,1.12607,129097,0,1

2020.03.12,1.12602,1.13332,1.10554,1.11667,172884,0,1

2020.03.13,1.11686,1.12211,1.10549,1.11025,168062,0,0

2020.03.16,1.11886,1.12364,1.10846,1.11777,205632,0,0

2020.03.17,1.11777,1.11890,1.09550,1.10052,177869,0,0

2020.03.18,1.10061,1.10450,1.08016,1.09116,201942,0,0

2020.03.19,1.09117,1.09817,1.06541,1.06589,219504,0,0

2020.03.20,1.06614,1.08309,1.06375,1.06935,244937,0,0

2020.03.23,1.06937,1.08274,1.06355,1.07257,220916,0,0

2020.03.24,1.07226,1.08880,1.07226,1.07825,171445,0,0

2020.03.25,1.07823,1.08939,1.07601,1.08796,168158,0,0

2020.03.26,1.08797,1.10586,1.08700,1.10291,149438,0,0

2020.03.27,1.10290,1.11470,1.09533,1.11431,139186,0,0

2020.03.30,1.11159,1.11439,1.10099,1.10427,109850,0,0

2020.03.31,1.10414,1.10537,1.09266,1.10349,132367,0,0

2020.04.01,1.10299,1.10390,1.09027,1.09616,102809,0,0

2020.04.02,1.09619,1.09678,1.08205,1.08568,104632,0,0

2020.04.03,1.08550,1.08641,1.07727,1.08127,93640,0,0

2020.04.06,1.08088,1.08354,1.07682,1.07920,94909,0,0

2020.04.07,1.07920,1.09259,1.07834,1.08904,89461,0,0

2020.04.08,1.08903,1.09020,1.08298,1.08565,78664,0,0

2020.04.09,1.08559,1.09515,1.08409,1.09285,82410,0,0

2020.04.10,1.09286,1.09522,1.09185,1.09347,45005,0,0

2020.04.13,1.09428,1.09676,1.08925,1.09120,88985,0,0

2020.04.14,1.09120,1.09870,1.08987,1.09798,113063,0,0

2020.04.15,1.09794,1.09907,1.08562,1.09066,100896,0,0

2020.04.16,1.09076,1.09111,1.08166,1.08386,123356,0,0

2020.04.17,1.08386,1.08925,1.08119,1.08739,124445,0,0

2020.04.20,1.08625,1.08965,1.08411,1.08607,92579,0,0

2020.04.21,1.08611,1.08801,1.08164,1.08564,107627,0,0

2020.04.22,1.08563,1.08851,1.08032,1.08229,82977,0,0

2020.04.23,1.08226,1.08466,1.07560,1.07760,123060,0,0

2020.04.24,1.07760,1.08257,1.07269,1.08244,100461,0,0

2020.04.27,1.08208,1.08602,1.08112,1.08280,95439,0,0

2020.04.28,1.08275,1.08883,1.08096,1.08182,77049,0,0

2020.04.29,1.08180,1.08855,1.08179,1.08728,74705,0,0

2020.04.30,1.08709,1.09724,1.08328,1.09507,84471,0,0

2020.05.01,1.09485,1.10180,1.09343,1.09802,55528,0,0

2020.05.04,1.09684,1.09743,1.08956,1.09065,54761,0,0

2020.05.05,1.09054,1.09257,1.08257,1.08390,58150,0,0

2020.05.06,1.08397,1.08454,1.07818,1.07929,54033,0,0

2020.05.07,1.07925,1.08339,1.07664,1.08319,60714,0,0

2020.05.08,1.08315,1.08755,1.08150,1.08386,48534,0,0

2020.05.11,1.08240,1.08503,1.08005,1.08060,49534,0,0

2020.05.12,1.08038,1.08852,1.07843,1.08469,54306,0,0

2020.05.13,1.08464,1.08963,1.08115,1.08173,58528,0,0

2020.05.14,1.08167,1.08238,1.07748,1.08042,53197,0,0

2020.05.15,1.08031,1.08505,1.07888,1.08187,50568,0,0

2020.05.18,1.08014,1.09269,1.07998,1.09139,48887,0,0

2020.05.19,1.09145,1.09759,1.09021,1.09217,51091,0,0

2020.05.20,1.09208,1.09989,1.09165,1.09767,46569,0,0

2020.05.21,1.09761,1.10082,1.09372,1.09476,46263,0,0

2020.05.22,1.09458,1.09536,1.08852,1.09022,42958,0,0

2020.05.25,1.08953,1.09144,1.08706,1.08956,26566,0,0

2020.05.26,1.08922,1.09958,1.08919,1.09818,46804,0,0

2020.05.27,1.09814,1.10306,1.09339,1.10026,71978,0,0

2020.05.28,1.09962,1.10934,1.09917,1.10757,64330,0,0

2020.05.29,1.10756,1.11450,1.10669,1.11076,76623,0,0

2020.06.01,1.11150,1.11536,1.11003,1.11343,61548,0,0

2020.06.02,1.11342,1.11957,1.11151,1.11685,69172,0,0

2020.06.03,1.11678,1.12576,1.11665,1.12333,77798,0,0

2020.06.04,1.12321,1.13621,1.11947,1.13365,81076,0,0

2020.06.05,1.13367,1.13837,1.12782,1.12874,79259,0,0

2020.06.08,1.12932,1.13195,1.12682,1.12932,63468,0,0

2020.06.09,1.12933,1.13635,1.12409,1.13389,71617,0,0

2020.06.10,1.13388,1.14222,1.13215,1.13723,78384,0,0

2020.06.11,1.13723,1.14035,1.12886,1.12981,101175,0,0

2020.06.12,1.12933,1.13402,1.12125,1.12604,94092,0,0

2020.06.15,1.12356,1.13323,1.12263,1.13222,90036,0,0

2020.06.16,1.13220,1.13531,1.12276,1.12633,81131,0,0

2020.06.17,1.12628,1.12939,1.12070,1.12426,76433,0,0

2020.06.18,1.12428,1.12612,1.11854,1.12049,72169,0,0

2020.06.19,1.12047,1.12542,1.11681,1.11765,67711,0,0

2020.06.22,1.11819,1.12697,1.11684,1.12593,56787,0,0

2020.06.23,1.12592,1.13483,1.12330,1.13074,72602,0,0

2020.06.24,1.13073,1.13257,1.12483,1.12503,60143,0,0

2020.06.25,1.12503,1.12595,1.11902,1.12170,54121,0,1

2020.06.26,1.12181,1.12391,1.11951,1.12179,40896,0,1

2020.06.29,1.12146,1.12876,1.12146,1.12410,42408,0,1

2020.06.30,1.12412,1.12616,1.11909,1.12336,48612,0,1

2020.07.01,1.12340,1.12749,1.11847,1.12507,45694,0,1

2020.07.02,1.12507,1.13025,1.12231,1.12388,45520,0,1

2020.07.03,1.12391,1.12524,1.12192,1.12482,39847,0,1

2020.07.06,1.12430,1.13455,1.12406,1.13085,43681,0,1

2020.07.07,1.13084,1.13323,1.12587,1.12727,46610,0,0

2020.07.08,1.12674,1.13515,1.12621,1.13292,46420,0,1

2020.07.09,1.13287,1.13706,1.12801,1.12846,53652,0,1

2020.07.10,1.12845,1.13247,1.12548,1.12965,43778,0,1

2020.07.13,1.13015,1.13748,1.13008,1.13435,45838,0,1

2020.07.14,1.13431,1.14085,1.13250,1.13993,53978,0,1

2020.07.15,1.13990,1.14518,1.13910,1.14114,46644,0,1

2020.07.16,1.14113,1.14419,1.13703,1.13834,47684,0,1

2020.07.17,1.13832,1.14437,1.13745,1.14258,36614,0,1

2020.07.20,1.14042,1.14676,1.14021,1.14472,46665,0,1

2020.07.21,1.14470,1.15396,1.14227,1.15265,50733,0,1

2020.07.22,1.15268,1.16009,1.15066,1.15695,57633,0,0

2020.07.23,1.15693,1.16266,1.15402,1.15959,54824,0,1

2020.07.24,1.15957,1.16576,1.15813,1.16549,53672,0,1

2020.07.27,1.16431,1.17811,1.16412,1.17510,59628,0,0

2020.07.28,1.17512,1.17735,1.16986,1.17150,59214,0,1

2020.07.29,1.17148,1.18059,1.17126,1.17906,57617,0,1

2020.07.30,1.17910,1.18480,1.17307,1.18467,62399,0,1

2020.07.31,1.18465,1.19086,1.17613,1.17713,75364,0,1

2020.08.03,1.17697,1.17966,1.16957,1.17617,57376,0,0

2020.08.04,1.17633,1.18060,1.17212,1.18028,55353,0,1

2020.08.05,1.18026,1.19047,1.17929,1.18629,54459,0,0

2020.08.06,1.18627,1.19160,1.18178,1.18762,64120,0,0

2020.08.07,1.18763,1.18827,1.17550,1.17854,61612,0,1

2020.08.10,1.17864,1.18006,1.17359,1.17371,42261,0,1

2020.08.11,1.17373,1.18074,1.17220,1.17395,59065,0,1

2020.08.12,1.17402,1.18165,1.17109,1.17835,58997,0,0

2020.08.13,1.17835,1.18640,1.17796,1.18131,52645,0,1

2020.08.14,1.18126,1.18503,1.17814,1.18413,42080,0,1

2020.08.17,1.18377,1.18810,1.18285,1.18698,39587,0,0

2020.08.18,1.18695,1.19656,1.18655,1.19306,50881,0,1

2020.08.19,1.19302,1.19526,1.18301,1.18385,55642,0,1

2020.08.20,1.18355,1.18685,1.18020,1.18599,57789,0,0

2020.08.21,1.18599,1.18827,1.17542,1.17964,52733,0,1

2020.08.24,1.17929,1.18496,1.17841,1.17873,42510,0,1

2020.08.25,1.17871,1.18436,1.17840,1.18343,47918,0,1

2020.08.26,1.18340,1.18391,1.17721,1.18298,44133,0,1

2020.08.27,1.18297,1.19013,1.17621,1.18217,66444,0,1

2020.08.28,1.18215,1.19196,1.18110,1.19055,62437,0,1

2020.08.31,1.19036,1.19660,1.18839,1.19361,50159,0,1

2020.09.01,1.19358,1.20108,1.19011,1.19113,58939,0,0

2020.09.02,1.19112,1.19285,1.18220,1.18547,53643,0,1

2020.09.03,1.18521,1.18645,1.17887,1.18512,57467,0,1

2020.09.04,1.18513,1.18652,1.17808,1.18394,58184,0,1

2020.09.07,1.18458,1.18485,1.18111,1.18136,31385,0,1

2020.09.08,1.18136,1.18273,1.17654,1.17739,56953,0,1

2020.09.09,1.17747,1.18337,1.17528,1.18027,50318,0,1

2020.09.10,1.18026,1.19174,1.17994,1.18146,60593,0,1

2020.09.11,1.18145,1.18739,1.18086,1.18459,46151,0,1

2020.09.14,1.18362,1.18880,1.18321,1.18643,37436,0,1

2020.09.15,1.18648,1.19004,1.18393,1.18462,38904,0,1

2020.09.16,1.18465,1.18826,1.17873,1.18155,53041,0,1

2020.09.17,1.18146,1.18523,1.17374,1.18476,58356,0,1

2020.09.18,1.18476,1.18703,1.18258,1.18413,45923,0,1

2020.09.21,1.18455,1.18717,1.17316,1.17707,54501,0,1

2020.09.22,1.17700,1.17735,1.16916,1.17077,54507,0,0

2020.09.23,1.17074,1.17189,1.16511,1.16595,53403,0,0

2020.09.24,1.16590,1.16868,1.16264,1.16708,53594,0,0

2020.09.25,1.16706,1.16849,1.16122,1.16296,46422,0,0

2020.09.28,1.16222,1.16799,1.16151,1.16650,39261,0,0

2020.09.29,1.16650,1.17455,1.16609,1.17426,42496,0,0

2020.09.30,1.17430,1.17547,1.16846,1.17210,57876,0,0

2020.10.01,1.17210,1.17694,1.17171,1.17465,57598,0,0

2020.10.02,1.17489,1.17489,1.16957,1.17165,65348,0,0

2020.10.05,1.17131,1.17974,1.17053,1.17825,41921,0,0

2020.10.06,1.17826,1.18076,1.17316,1.17334,50635,0,0

2020.10.07,1.17335,1.17818,1.17248,1.17628,46612,0,0

2020.10.08,1.17624,1.17816,1.17324,1.17582,39212,0,0

2020.10.09,1.17587,1.18304,1.17551,1.18293,40290,0,0

2020.10.12,1.18173,1.18265,1.17866,1.18120,34400,0,0

2020.10.13,1.18120,1.18155,1.17305,1.17446,40707,0,0

2020.10.14,1.17452,1.17712,1.17195,1.17452,41998,0,0

2020.10.15,1.17452,1.17576,1.16882,1.17073,46911,0,0

2020.10.16,1.17073,1.17460,1.16939,1.17160,41654,0,0

2020.10.19,1.17195,1.17936,1.17030,1.17695,38192,0,0

2020.10.20,1.17695,1.18407,1.17598,1.18211,38813,0,0

2020.10.21,1.18214,1.18806,1.18208,1.18598,47267,0,0

2020.10.22,1.18582,1.18667,1.18114,1.18177,41611,0,0

2020.10.23,1.18177,1.18646,1.17867,1.18598,41119,0,0

2020.10.26,1.18551,1.18554,1.18031,1.18087,41221,0,0

2020.10.27,1.18087,1.18387,1.17818,1.17870,37585,0,0

2020.10.28,1.17870,1.17879,1.17178,1.17451,48573,0,0

2020.10.29,1.17451,1.17586,1.16499,1.16740,50814,0,0

2020.10.30,1.16741,1.17040,1.16398,1.16462,50353,0,0

2020.11.02,1.16468,1.16556,1.16221,1.16404,42757,0,0

2020.11.03,1.16406,1.17396,1.16323,1.17150,38341,0,0

2020.11.04,1.17150,1.17704,1.16019,1.17244,91397,0,0

2020.11.05,1.17244,1.18598,1.17108,1.18267,85434,0,0

2020.11.06,1.18272,1.18909,1.17954,1.18746,80267,0,0

2020.11.09,1.18873,1.19200,1.17951,1.18127,102576,0,0

2020.11.10,1.18124,1.18432,1.17798,1.18136,88041,0,0

2020.11.11,1.18138,1.18328,1.17455,1.17771,53264,0,0

2020.11.12,1.17771,1.18231,1.17586,1.18048,57097,0,0

2020.11.13,1.18047,1.18372,1.17989,1.18326,45110,0,0

2020.11.16,1.18400,1.18688,1.18141,1.18516,57741,0,0

2020.11.17,1.18509,1.18939,1.18428,1.18605,43717,0,0

2020.11.18,1.18618,1.18910,1.18491,1.18526,49423,0,0

2020.11.19,1.18526,1.18825,1.18163,1.18745,53540,0,1

2020.11.20,1.18745,1.18909,1.18497,1.18587,44971,0,0

2020.11.23,1.18496,1.19061,1.18000,1.18399,49370,0,0

2020.11.24,1.18399,1.18959,1.18358,1.18904,49664,0,0

2020.11.25,1.18905,1.19298,1.18819,1.19157,56219,0,0

2020.11.26,1.19164,1.19409,1.18853,1.19127,34494,0,0

2020.11.27,1.19125,1.19630,1.19067,1.19593,38264,0,0

2020.11.30,1.19600,1.20034,1.19236,1.19256,57731,0,0

2020.12.01,1.19261,1.20766,1.19253,1.20692,58891,0,0

2020.12.02,1.20691,1.21184,1.20400,1.21136,69133,0,0

2020.12.03,1.21137,1.21746,1.21011,1.21469,74096,0,0

2020.12.04,1.21447,1.21773,1.21100,1.21201,76974,0,0

2020.12.07,1.21299,1.21664,1.20787,1.21091,77841,0,0

2020.12.08,1.21091,1.21340,1.20956,1.21022,71978,0,0

2020.12.09,1.21022,1.21474,1.20585,1.20802,72315,0,0

2020.12.10,1.20789,1.21588,1.20738,1.21398,85474,0,0

2020.12.11,1.21361,1.21628,1.21054,1.21125,71031,0,0

2020.12.14,1.21366,1.21766,1.21156,1.21432,65850,0,0

2020.12.15,1.21432,1.21687,1.21214,1.21505,65615,0,0

2020.12.16,1.21489,1.22124,1.21249,1.21984,76468,0,0

2020.12.17,1.21985,1.22729,1.21897,1.22684,65915,0,0

2020.12.18,1.22676,1.22719,1.22256,1.22542,58548,0,0

2020.12.21,1.22166,1.22528,1.21296,1.22424,103141,0,0

2020.12.22,1.22434,1.22573,1.21520,1.21616,79150,0,0

2020.12.23,1.21618,1.22212,1.21540,1.21860,79543,0,0

2020.12.24,1.21857,1.22157,1.21774,1.21808,47758,0,0

2020.12.28,1.21696,1.22506,1.21696,1.22160,65208,0,0

2020.12.29,1.22160,1.22749,1.22070,1.22482,56037,0,0

2020.12.30,1.22471,1.23099,1.22470,1.22961,66896,0,0

2020.12.31,1.22963,1.23093,1.22127,1.22155,58559,0,0

2021.01.04,1.22395,1.23098,1.22280,1.22473,85620,0,0

2021.01.05,1.22466,1.23056,1.22432,1.22965,75380,0,0

2021.01.06,1.22968,1.23494,1.22657,1.23252,118259,0,0

2021.01.07,1.23256,1.23441,1.22452,1.22710,84749,0,0

2021.01.08,1.22713,1.22845,1.21932,1.22218,100138,0,0

2021.01.11,1.22116,1.22285,1.21323,1.21497,79581,0,0

2021.01.12,1.21498,1.22097,1.21372,1.22062,70628,0,0

2021.01.13,1.22064,1.22229,1.21399,1.21568,70247,0,0

2021.01.14,1.21568,1.21784,1.21112,1.21540,82002,0,0

2021.01.15,1.21537,1.21625,1.20750,1.20766,71372,0,0

2021.01.18,1.20813,1.20867,1.20536,1.20757,51965,0,0

2021.01.19,1.20768,1.21449,1.20739,1.21284,59302,0,0

2021.01.20,1.21281,1.21582,1.20767,1.21046,63393,0,0

2021.01.21,1.21043,1.21732,1.21022,1.21640,65018,0,0

2021.01.22,1.21586,1.21894,1.21515,1.21704,57094,0,0

2021.01.25,1.21704,1.21833,1.21160,1.21413,54371,0,0

2021.01.26,1.21371,1.21760,1.21078,1.21592,51913,0,0

2021.01.27,1.21598,1.21696,1.20586,1.21096,74814,0,0

2021.01.28,1.21086,1.21421,1.20805,1.21210,76561,0,0

2021.01.29,1.21209,1.21558,1.20944,1.21353,75639,0,0

2021.02.01,1.21301,1.21364,1.20562,1.20594,63743,0,0

2021.02.02,1.20594,1.20876,1.20117,1.20428,58989,0,0

2021.02.03,1.20423,1.20500,1.20042,1.20351,49377,0,0

2021.02.04,1.20349,1.20428,1.19574,1.19620,51807,0,0

2021.02.05,1.19618,1.20498,1.19522,1.20492,67841,0,0

2021.02.08,1.20426,1.20661,1.20197,1.20493,59895,0,0

2021.02.09,1.20493,1.21221,1.20472,1.21174,64758,0,0

2021.02.10,1.21173,1.21440,1.21088,1.21172,48674,0,0

2021.02.11,1.21172,1.21493,1.21135,1.21303,46803,0,0

2021.02.12,1.21303,1.21349,1.20815,1.21189,55276,0,1

2021.02.15,1.21240,1.21452,1.21167,1.21274,39844,0,0

2021.02.16,1.21271,1.21694,1.20949,1.21053,63015,0,1

2021.02.17,1.21047,1.21089,1.20234,1.20374,69997,0,1

2021.02.18,1.20351,1.20944,1.20350,1.20908,60510,0,1

2021.02.19,1.20908,1.21443,1.20823,1.21174,59796,0,1

2021.02.22,1.21131,1.21694,1.20912,1.21554,66651,0,1

2021.02.23,1.21564,1.21802,1.21353,1.21493,64676,0,1

2021.02.24,1.21493,1.21745,1.21092,1.21665,83207,0,1

2021.02.25,1.21637,1.22432,1.21560,1.21743,106775,0,1

2021.02.26,1.21730,1.21828,1.20622,1.20727,129271,0,1

2021.03.01,1.20688,1.21012,1.20278,1.20488,83306,0,1

2021.03.02,1.20488,1.20944,1.19915,1.20893,80054,0,1

2021.03.03,1.20898,1.21132,1.20429,1.20627,71671,0,0

2021.03.04,1.20627,1.20662,1.19616,1.19694,93524,0,1

2021.03.05,1.19680,1.19767,1.18928,1.19120,96968,0,1

2021.03.08,1.19166,1.19321,1.18442,1.18460,100880,0,1

2021.03.09,1.18456,1.19157,1.18356,1.19001,94052,0,1

2021.03.10,1.19002,1.19298,1.18687,1.19284,87767,0,1

2021.03.11,1.19283,1.19900,1.19158,1.19851,86008,0,1

2021.03.12,1.19850,1.19886,1.19098,1.19519,83666,0,1

2021.03.15,1.19473,1.19674,1.19111,1.19271,67450,0,1

2021.03.16,1.19271,1.19517,1.18823,1.19009,67321,0,1

2021.03.17,1.19009,1.19853,1.18863,1.19802,71533,0,1

2021.03.18,1.19802,1.19890,1.19062,1.19135,85787,0,1

2021.03.19,1.19134,1.19372,1.18738,1.19044,73391,0,1

2021.03.22,1.18828,1.19467,1.18744,1.19332,61205,0,1

2021.03.23,1.19337,1.19407,1.18423,1.18480,64329,0,1

2021.03.24,1.18477,1.18516,1.18097,1.18123,64871,0,1

2021.03.25,1.18122,1.18277,1.17619,1.17677,72966,0,1

2021.03.26,1.17683,1.18049,1.17677,1.17933,53288,0,1

2021.03.29,1.17886,1.17937,1.17608,1.17642,59703,0,1

2021.03.30,1.17640,1.17736,1.17114,1.17169,56334,0,1

2021.03.31,1.17170,1.17598,1.17041,1.17298,60218,0,1

2021.04.01,1.17298,1.17799,1.17124,1.17759,54081,0,1

2021.04.02,1.17760,1.17864,1.17488,1.17608,25975,0,0

2021.04.05,1.17543,1.18196,1.17382,1.18125,35619,0,1

2021.04.06,1.18125,1.18776,1.17951,1.18740,54221,0,1

2021.04.07,1.18730,1.19147,1.18609,1.18668,64421,0,1

2021.04.08,1.18666,1.19273,1.18605,1.19124,52471,0,0

2021.04.09,1.19121,1.19202,1.18672,1.19010,53194,0,1

2021.04.12,1.18881,1.19190,1.18712,1.19099,53836,0,1

2021.04.13,1.19093,1.19560,1.18775,1.19474,64190,0,1

2021.04.14,1.19478,1.19874,1.19459,1.19784,46298,0,1

2021.04.15,1.19781,1.19933,1.19561,1.19655,44581,0,1

2021.04.16,1.19654,1.19949,1.19504,1.19809,39119,0,1

2021.04.19,1.19716,1.20481,1.19426,1.20367,47784,0,1

2021.04.20,1.20364,1.20798,1.20224,1.20343,47965,0,1

2021.04.21,1.20343,1.20436,1.19984,1.20343,40554,0,0

2021.04.22,1.20345,1.20690,1.19937,1.20140,50069,0,0

2021.04.23,1.20139,1.21000,1.20129,1.20973,41892,0,0

2021.04.26,1.20922,1.21170,1.20613,1.20841,42446,0,0

2021.04.27,1.20854,1.20928,1.20568,1.20892,38426,0,0

2021.04.28,1.20896,1.21348,1.20563,1.21250,50256,0,0

2021.04.29,1.21249,1.21502,1.21021,1.21187,46298,0,0

2021.04.30,1.21190,1.21266,1.20166,1.20208,46828,0,0

2021.05.03,1.20301,1.20759,1.20129,1.20629,37322,0,0

2021.05.04,1.20630,1.20641,1.19992,1.20121,50615,0,0

2021.05.05,1.20118,1.20268,1.19860,1.20036,40778,0,0

2021.05.06,1.20036,1.20716,1.19931,1.20646,44831,0,0

2021.05.07,1.20647,1.21713,1.20530,1.21618,58468,0,0

2021.05.10,1.21600,1.21783,1.21278,1.21282,51513,0,0

2021.05.11,1.21280,1.21817,1.21230,1.21470,57217,0,0

2021.05.12,1.21472,1.21521,1.20656,1.20705,69534,0,0

2021.05.13,1.20724,1.21061,1.20515,1.20791,65958,0,0

2021.05.14,1.20787,1.21476,1.20708,1.21441,49976,0,0

2021.05.17,1.21323,1.21687,1.21260,1.21511,46428,0,0

2021.05.18,1.21513,1.22339,1.21480,1.22219,49583,0,0

2021.05.19,1.22219,1.22452,1.21599,1.21744,75108,0,0

2021.05.20,1.21744,1.22290,1.21690,1.22269,55450,0,0

2021.05.21,1.22270,1.22398,1.21610,1.21806,58463,0,0

2021.05.24,1.21776,1.22300,1.21722,1.22150,57085,0,0

2021.05.25,1.22146,1.22664,1.22117,1.22497,61602,0,0

2021.05.26,1.22491,1.22630,1.21820,1.21922,58587,0,0

2021.05.27,1.21906,1.22151,1.21751,1.21934,59404,0,0

2021.05.28,1.21932,1.22050,1.21327,1.21896,60110,0,0

2021.05.31,1.21993,1.22314,1.21833,1.22250,36694,0,0

2021.06.01,1.22254,1.22543,1.22118,1.22126,52448,0,0

2021.06.02,1.22125,1.22265,1.21643,1.22100,53793,0,0

2021.06.03,1.22097,1.22143,1.21183,1.21265,59299,0,0

2021.06.04,1.21261,1.21856,1.21041,1.21662,56073,0,0

2021.06.07,1.21595,1.22018,1.21448,1.21893,40542,0,0

2021.06.08,1.21891,1.21942,1.21643,1.21726,48682,0,0

2021.06.09,1.21722,1.22179,1.21709,1.21787,42992,0,0

2021.06.10,1.21787,1.21950,1.21432,1.21751,66547,0,0

2021.06.11,1.21751,1.21931,1.20927,1.21063,54807,0,0

2021.06.14,1.21025,1.21303,1.20942,1.21200,46944,0,0

2021.06.15,1.21190,1.21473,1.21014,1.21264,50679,0,0

2021.06.16,1.21256,1.21348,1.19940,1.19943,66416,0,0

2021.06.17,1.19939,1.20064,1.18918,1.19069,90570,0,0

2021.06.18,1.19056,1.19251,1.18537,1.18597,81407,0,0

2021.06.21,1.18550,1.19212,1.18477,1.19185,87967,0,0

2021.06.22,1.19166,1.19525,1.18809,1.19413,68415,0,0

2021.06.23,1.19376,1.19703,1.19116,1.19258,66823,0,0

2021.06.24,1.19254,1.19563,1.19175,1.19315,65027,0,0

2021.06.25,1.19315,1.19752,1.19265,1.19370,59055,0,0

2021.06.28,1.19316,1.19445,1.19025,1.19242,60674,0,0

2021.06.29,1.19230,1.19298,1.18777,1.18960,61593,0,0

2021.06.30,1.18954,1.19090,1.18452,1.18560,70561,0,0

2021.07.01,1.18559,1.18842,1.18374,1.18497,70316,0,0

2021.07.02,1.18491,1.18743,1.18071,1.18646,71827,0,0

2021.07.05,1.18576,1.18805,1.18515,1.18634,47260,0,0

2021.07.06,1.18619,1.18950,1.18067,1.18231,79642,0,0

2021.07.07,1.18235,1.18362,1.17817,1.17903,75932,0,0

2021.07.08,1.17899,1.18679,1.17836,1.18449,90999,0,0

2021.07.09,1.18440,1.18811,1.18251,1.18774,73949,0,0

2021.07.12,1.18715,1.18802,1.18361,1.18606,56598,0,0

2021.07.13,1.18593,1.18752,1.17724,1.17765,69168,0,0

2021.07.14,1.17761,1.18388,1.17719,1.18358,70801,0,0

2021.07.15,1.18349,1.18506,1.17962,1.18118,74081,0,0

2021.07.16,1.18118,1.18224,1.17921,1.18055,70772,0,0

2021.07.19,1.18054,1.18243,1.17640,1.17987,80957,0,0

2021.07.20,1.17980,1.18025,1.17558,1.17805,70566,0,0

2021.07.21,1.17796,1.18047,1.17519,1.17946,56519,0,0

2021.07.22,1.17907,1.18303,1.17575,1.17707,64812,0,0

2021.07.23,1.17705,1.17865,1.17544,1.17689,49090,0,0

2021.07.26,1.17677,1.18173,1.17635,1.18029,53860,0,0

2021.07.27,1.18030,1.18411,1.17701,1.18165,64421,0,0

2021.07.28,1.18159,1.18494,1.17721,1.18441,64207,0,0

2021.07.29,1.18431,1.18927,1.18402,1.18865,49044,0,0

2021.07.30,1.18858,1.19087,1.18517,1.18730,54242,0,0

2021.08.02,1.18641,1.18969,1.18590,1.18688,47011,0,0

2021.08.03,1.18670,1.18933,1.18537,1.18637,49688,0,0

2021.08.04,1.18631,1.18997,1.18328,1.18367,48391,0,0

2021.08.05,1.18360,1.18572,1.18282,1.18327,47001,0,0

2021.08.06,1.18324,1.18357,1.17544,1.17611,47467,0,0

2021.08.09,1.17568,1.17690,1.17349,1.17362,47081,0,0

2021.08.10,1.17358,1.17429,1.17098,1.17203,41851,0,0

2021.08.11,1.17184,1.17540,1.17061,1.17388,45441,0,0

2021.08.12,1.17380,1.17482,1.17237,1.17296,36888,0,0

2021.08.13,1.17290,1.18048,1.17281,1.17962,35375,0,0

2021.08.16,1.17941,1.18007,1.17675,1.17768,37488,0,0

2021.08.17,1.17762,1.17845,1.17081,1.17081,50070,0,0

2021.08.18,1.17088,1.17425,1.16937,1.17108,48811,0,0

2021.08.19,1.17087,1.17176,1.16657,1.16756,59625,0,0

2021.08.20,1.16752,1.17045,1.16640,1.16996,42854,0,0

2021.08.23,1.16897,1.17503,1.16897,1.17457,42138,0,0

2021.08.24,1.17449,1.17650,1.17273,1.17555,40186,0,0

2021.08.25,1.17537,1.17743,1.17260,1.17716,45250,0,0

2021.08.26,1.17706,1.17790,1.17459,1.17515,49613,0,0

2021.08.27,1.17514,1.18026,1.17349,1.17955,54550,0,0

2021.08.30,1.17926,1.18099,1.17829,1.17962,36224,0,0

2021.08.31,1.17961,1.18450,1.17939,1.18083,56492,0,0

2021.09.01,1.18078,1.18572,1.17936,1.18384,50142,0,0

2021.09.02,1.18374,1.18759,1.18344,1.18744,42004,0,0

2021.09.03,1.18739,1.19091,1.18657,1.18772,53226,0,0

2021.09.06,1.18768,1.18862,1.18557,1.18701,29883,0,0

2021.09.07,1.18675,1.18852,1.18373,1.18402,54549,0,0

2021.09.08,1.18356,1.18512,1.18022,1.18150,64756,0,0

2021.09.09,1.18125,1.18413,1.18053,1.18244,68564,0,0

2021.09.10,1.18229,1.18510,1.18091,1.18107,52650,0,0

2021.09.13,1.18143,1.18171,1.17702,1.18103,51815,0,0

2021.09.14,1.18092,1.18460,1.18001,1.18025,58490,0,0

2021.09.15,1.18013,1.18319,1.17991,1.18165,58073,0,0

2021.09.16,1.18153,1.18206,1.17506,1.17652,58283,0,0

2021.09.17,1.17675,1.17888,1.17242,1.17250,56213,0,0

2021.09.20,1.17272,1.17363,1.17004,1.17257,58444,0,0

2021.09.21,1.17248,1.17486,1.17149,1.17252,58514,0,0

2021.09.22,1.17240,1.17555,1.16843,1.16866,72571,0,0

2021.09.23,1.16860,1.17501,1.16835,1.17381,68536,0,0

2021.09.24,1.17379,1.17476,1.17007,1.17206,51401,0,0

2021.09.27,1.17255,1.17255,1.16848,1.16952,57807,0,0

2021.09.28,1.16940,1.17032,1.16682,1.16826,64793,0,0

2021.09.29,1.16825,1.16901,1.15894,1.15969,68964,0,0

2021.09.30,1.15963,1.16097,1.15626,1.15769,68517,0,0

2021.10.01,1.15740,1.16075,1.15630,1.15927,66777,0,0

2021.10.04,1.15922,1.16400,1.15876,1.16193,54990,0,0

2021.10.05,1.16184,1.16216,1.15806,1.15972,50533,0,0

2021.10.06,1.15959,1.16019,1.15292,1.15556,63394,0,0

2021.10.07,1.15538,1.15723,1.15474,1.15527,50611,0,0

2021.10.08,1.15526,1.15861,1.15414,1.15736,59970,0,0

2021.10.11,1.15659,1.15867,1.15487,1.15517,46485,0,0

2021.10.12,1.15522,1.15702,1.15242,1.15295,57798,0,0

2021.10.13,1.15294,1.15973,1.15250,1.15940,67602,0,0

2021.10.14,1.15903,1.16245,1.15838,1.15959,56588,0,0

2021.10.15,1.15947,1.16186,1.15880,1.15981,61186,0,0

2021.10.18,1.15976,1.16224,1.15717,1.16097,63554,0,0

2021.10.19,1.16088,1.16692,1.16074,1.16325,60549,0,0

2021.10.20,1.16304,1.16586,1.16170,1.16505,61774,0,0

2021.10.21,1.16478,1.16675,1.16192,1.16240,65189,0,0

2021.10.22,1.16197,1.16554,1.16194,1.16437,65172,0,0

2021.10.25,1.16380,1.16650,1.15907,1.16081,59725,0,0

2021.10.26,1.16076,1.16257,1.15850,1.15957,54975,0,0

2021.10.27,1.15955,1.16257,1.15848,1.16026,66553,0,0

2021.10.28,1.16023,1.16920,1.15824,1.16801,82814,0,0

2021.10.29,1.16781,1.16901,1.15353,1.15620,82169,0,0

2021.11.01,1.15626,1.16090,1.15460,1.16041,51339,0,0

2021.11.02,1.16028,1.16132,1.15747,1.15780,56326,0,0

2021.11.03,1.15770,1.16161,1.15621,1.16131,69529,0,0

2021.11.04,1.16110,1.16162,1.15284,1.15539,65259,0,0

2021.11.05,1.15537,1.15730,1.15134,1.15665,68123,0,0

2021.11.08,1.15597,1.15950,1.15503,1.15864,54555,0,0

2021.11.09,1.15840,1.16086,1.15697,1.15929,67294,0,0

2021.11.10,1.15908,1.15953,1.14756,1.14783,85955,0,0

2021.11.11,1.14774,1.14876,1.14429,1.14495,53727,0,0

2021.11.12,1.14484,1.14623,1.14328,1.14427,57609,0,0

2021.11.15,1.14456,1.14641,1.13562,1.13672,64282,0,0

2021.11.16,1.13666,1.13855,1.13088,1.13194,75709,0,0

2021.11.17,1.13184,1.13324,1.12632,1.13187,76999,0,0

2021.11.18,1.13177,1.13741,1.13138,1.13704,69758,0,0

2021.11.19,1.13686,1.13724,1.12498,1.12829,90206,0,0

2021.11.22,1.12884,1.12901,1.12307,1.12364,81667,0,0

2021.11.23,1.12362,1.12750,1.12260,1.12474,81541,0,0

2021.11.24,1.12461,1.12554,1.11861,1.11982,86483,0,0

2021.11.25,1.11960,1.12299,1.11954,1.12083,48236,0,0

2021.11.26,1.12060,1.13303,1.12044,1.13215,113571,0,0

2021.11.29,1.13002,1.13112,1.12584,1.12902,75004,0,0

2021.11.30,1.12883,1.13830,1.12354,1.13380,108745,0,0

2021.12.01,1.13350,1.13597,1.13025,1.13193,89859,0,0

2021.12.02,1.13176,1.13478,1.12952,1.13006,75866,0,0

2021.12.03,1.12996,1.13335,1.12666,1.13083,86551,0,0

2021.12.06,1.12995,1.13104,1.12665,1.12847,57613,0,0

2021.12.07,1.12821,1.12983,1.12274,1.12671,59940,0,0

2021.12.08,1.12658,1.13549,1.12633,1.13417,71543,0,0

2021.12.09,1.13418,1.13449,1.12784,1.12924,61604,0,0

2021.12.10,1.12919,1.13243,1.12649,1.13162,59302,0,0

2021.12.13,1.13077,1.13190,1.12599,1.12842,54396,0,0

2021.12.14,1.12807,1.13237,1.12537,1.12583,54577,0,0

2021.12.15,1.12575,1.12992,1.12217,1.12919,71257,0,0

2021.12.16,1.12905,1.13602,1.12811,1.13296,72728,0,0

2021.12.17,1.13296,1.13489,1.12344,1.12372,63293,0,0

2021.12.20,1.12356,1.13040,1.12341,1.12769,60766,0,0

2021.12.21,1.12743,1.13027,1.12609,1.12822,54441,0,0

2021.12.22,1.12820,1.13423,1.12642,1.13258,52866,0,0

2021.12.23,1.13246,1.13422,1.12902,1.13263,49430,0,0

2021.12.24,1.13260,1.13435,1.13044,1.13197,53499,0,0

2021.12.27,1.13023,1.13342,1.13023,1.13264,37691,0,0

2021.12.28,1.13260,1.13330,1.12894,1.13079,40037,0,0

2021.12.29,1.13079,1.13687,1.12732,1.13477,51231,0,0

2021.12.30,1.13445,1.13599,1.12988,1.13256,50314,0,0

2021.12.31,1.13244,1.13861,1.13033,1.13755,39263,0,0

2022.01.03,1.13693,1.13778,1.12795,1.12971,53813,0,0

2022.01.04,1.12961,1.13226,1.12723,1.12862,62525,0,0

2022.01.05,1.12852,1.13466,1.12765,1.13135,61289,0,0

2022.01.06,1.13111,1.13316,1.12846,1.12976,67251,0,0

2022.01.07,1.12960,1.13647,1.12901,1.13590,49836,0,0

2022.01.10,1.13550,1.13599,1.12853,1.13252,53457,0,0

2022.01.11,1.13230,1.13753,1.13131,1.13666,49386,0,0

2022.01.12,1.13655,1.14528,1.13545,1.14411,51872,0,0

2022.01.13,1.14402,1.14817,1.14357,1.14539,53078,0,0

2022.01.14,1.14531,1.14829,1.13987,1.14151,59882,0,0

2022.01.17,1.14117,1.14342,1.13915,1.14062,34611,0,0

2022.01.18,1.14062,1.14216,1.13147,1.13258,68363,0,0

2022.01.19,1.13249,1.13569,1.13163,1.13420,58174,0,0

2022.01.20,1.13393,1.13689,1.13031,1.13108,59448,0,0

2022.01.21,1.13092,1.13597,1.13010,1.13421,60447,0,0

2022.01.24,1.13371,1.13447,1.12906,1.13254,70762,0,0

2022.01.25,1.13226,1.13280,1.12632,1.13006,63243,0,0

2022.01.26,1.12991,1.13108,1.12354,1.12405,75069,0,0

2022.01.27,1.12404,1.12431,1.11313,1.11444,83832,0,0

2022.01.28,1.11428,1.11737,1.11214,1.11469,78407,0,0

2022.01.31,1.11406,1.12477,1.11378,1.12333,74328,0,0

2022.02.01,1.12315,1.12786,1.12208,1.12718,72903,0,0

2022.02.02,1.12715,1.13301,1.12667,1.13035,61143,0,0

2022.02.03,1.13018,1.14513,1.12665,1.14392,97250,0,0

2022.02.04,1.14389,1.14836,1.14116,1.14514,96664,0,0

2022.02.07,1.14573,1.14614,1.14151,1.14419,76500,0,0

2022.02.08,1.14411,1.14486,1.13958,1.14163,67506,0,0

2022.02.09,1.14127,1.14479,1.14025,1.14233,59971,0,0

2022.02.10,1.14210,1.14950,1.13748,1.14275,98683,0,0

2022.02.11,1.14263,1.14291,1.13297,1.13477,110096,0,0

2022.02.14,1.13376,1.13688,1.12800,1.13058,108728,0,0

2022.02.15,1.13032,1.13683,1.12990,1.13582,87080,0,0

2022.02.16,1.13568,1.13955,1.13448,1.13722,77435,0,0

2022.02.17,1.13713,1.13857,1.13229,1.13608,98839,0,0

2022.02.18,1.13580,1.13769,1.13139,1.13227,76510,0,0

2022.02.21,1.13145,1.13907,1.13064,1.13093,55985,0,0

2022.02.22,1.13070,1.13670,1.12878,1.13241,102907,0,0

2022.02.23,1.13246,1.13588,1.13012,1.13051,64439,0,0

2022.02.24,1.13023,1.13086,1.11063,1.11919,171175,0,0

2022.02.25,1.11908,1.12735,1.11659,1.12716,113512,0,0

2022.02.28,1.11295,1.12464,1.11245,1.12178,138468,0,0

2022.03.01,1.12177,1.12331,1.10897,1.11229,114181,0,0

2022.03.02,1.11248,1.11434,1.10574,1.11184,129648,0,0

2022.03.03,1.11160,1.11205,1.10332,1.10659,99725,0,0

2022.03.04,1.10651,1.10679,1.08852,1.09305,129366,0,0

2022.03.07,1.09255,1.09324,1.08060,1.08533,166436,0,0

2022.03.08,1.08511,1.09583,1.08471,1.09014,158841,0,0

2022.03.09,1.08960,1.10961,1.08896,1.10750,116644,0,0

2022.03.10,1.10729,1.11213,1.09758,1.09859,125689,0,0

2022.03.11,1.09845,1.10434,1.09021,1.09137,113278,0,0

2022.03.14,1.09155,1.09938,1.09004,1.09447,103181,0,0

2022.03.15,1.09416,1.10200,1.09260,1.09489,112133,0,0

2022.03.16,1.09491,1.10470,1.09491,1.10310,128099,0,0

2022.03.17,1.10305,1.11376,1.10071,1.10901,85724,0,0

2022.03.18,1.10890,1.11186,1.10031,1.10503,91467,0,0

2022.03.21,1.10504,1.10702,1.10102,1.10188,69638,0,0

2022.03.22,1.10176,1.10458,1.09610,1.10294,85754,0,0

2022.03.23,1.10279,1.10427,1.09641,1.10066,77335,0,0

2022.03.24,1.10052,1.10135,1.09658,1.09982,83700,0,0

2022.03.25,1.09959,1.10380,1.09809,1.09854,82996,0,0

2022.03.28,1.09842,1.09997,1.09447,1.09859,104188,0,0

2022.03.29,1.09834,1.11371,1.09690,1.10858,126457,0,0

2022.03.30,1.10851,1.11710,1.10792,1.11575,109745,0,0

2022.03.31,1.11579,1.11848,1.10613,1.10665,110897,0,0

2022.04.01,1.10656,1.10757,1.10283,1.10447,85774,0,0

2022.04.04,1.10336,1.10543,1.09608,1.09715,69321,0,0

2022.04.05,1.09688,1.09886,1.09000,1.09041,74904,0,0

2022.04.06,1.09029,1.09381,1.08741,1.08956,97599,0,0

2022.04.07,1.08956,1.09382,1.08649,1.08777,88265,0,0

2022.04.08,1.08764,1.08921,1.08364,1.08747,77188,0,0

2022.04.11,1.09159,1.09333,1.08729,1.08829,77468,0,0

2022.04.12,1.08825,1.09035,1.08216,1.08269,98342,0,0

2022.04.13,1.08256,1.08942,1.08090,1.08902,83973,0,0

2022.04.14,1.08897,1.09233,1.07576,1.08286,100620,0,0

2022.04.15,1.08278,1.08303,1.07961,1.08113,56635,0,0

2022.04.18,1.07994,1.08213,1.07702,1.07810,52965,0,0

2022.04.19,1.07805,1.08141,1.07612,1.07877,81502,0,0

2022.04.20,1.07876,1.08667,1.07827,1.08539,88292,0,0

2022.04.21,1.08496,1.09364,1.08239,1.08336,99031,0,0

2022.04.22,1.08368,1.08519,1.07707,1.08009,94056,0,0

2022.04.25,1.08071,1.08145,1.06965,1.07125,122270,0,0

2022.04.26,1.07106,1.07388,1.06353,1.06372,95470,0,0

2022.04.27,1.06363,1.06547,1.05144,1.05573,117332,0,0

2022.04.28,1.05571,1.05646,1.04709,1.04983,134090,0,0

2022.04.29,1.04976,1.05927,1.04906,1.05460,111385,0,0

2022.05.02,1.05421,1.05681,1.04902,1.05072,91871,0,0

2022.05.03,1.05070,1.05775,1.04922,1.05202,89550,0,0

2022.05.04,1.05186,1.06306,1.05060,1.06219,109807,0,0

2022.05.05,1.06196,1.06419,1.04928,1.05410,130526,0,0

2022.05.06,1.05413,1.05987,1.04828,1.05439,146857,0,0

2022.05.09,1.05387,1.05925,1.04954,1.05570,123650,0,0

2022.05.10,1.05570,1.05851,1.05257,1.05281,127047,0,0

2022.05.11,1.05281,1.05770,1.05017,1.05092,134397,0,0

2022.05.12,1.05092,1.05291,1.03540,1.03779,139403,0,0

2022.05.13,1.03779,1.04196,1.03494,1.04077,97846,0,0

2022.05.16,1.03959,1.04430,1.03887,1.04311,81470,0,0

2022.05.17,1.04310,1.05560,1.04276,1.05465,95987,0,0

2022.05.18,1.05465,1.05639,1.04599,1.04609,87927,0,0

2022.05.19,1.04609,1.06073,1.04590,1.05854,115331,0,0

2022.05.20,1.05816,1.05990,1.05328,1.05582,93700,0,0

2022.05.23,1.05601,1.06975,1.05561,1.06881,89168,0,0

2022.05.24,1.06878,1.07489,1.06611,1.07333,96527,0,0

2022.05.25,1.07329,1.07382,1.06418,1.06790,96798,0,0

2022.05.26,1.06775,1.07310,1.06627,1.07239,84272,0,0

2022.05.27,1.07239,1.07651,1.06974,1.07309,76770,0,0

2022.05.30,1.07326,1.07869,1.07243,1.07780,55023,0,0

2022.05.31,1.07756,1.07788,1.06791,1.07326,105538,0,0

2022.06.01,1.07320,1.07390,1.06272,1.06484,91956,0,0

2022.06.02,1.06453,1.07499,1.06405,1.07463,73854,0,0

2022.06.03,1.07443,1.07638,1.07039,1.07165,72795,0,0

2022.06.06,1.07146,1.07516,1.06841,1.06955,60295,0,0

2022.06.07,1.06950,1.07143,1.06523,1.07049,88256,0,0

2022.06.08,1.07036,1.07485,1.06715,1.07157,81423,0,0

2022.06.09,1.07154,1.07739,1.06107,1.06159,108517,0,0

2022.06.10,1.06142,1.06424,1.05060,1.05207,109524,0,0

2022.06.13,1.05137,1.05195,1.03996,1.04076,125903,0,0

2022.06.14,1.04078,1.04848,1.03969,1.04151,137053,0,0

2022.06.15,1.04140,1.05076,1.03591,1.04430,173126,0,0

2022.06.16,1.04412,1.06009,1.03811,1.05483,177338,0,0

2022.06.17,1.05454,1.05602,1.04447,1.04962,150391,0,0

2022.06.20,1.04747,1.05457,1.04727,1.05104,82940,0,0

2022.06.21,1.05104,1.05824,1.05053,1.05318,98780,0,0

2022.06.22,1.05299,1.06054,1.04691,1.05678,117792,0,0

2022.06.23,1.05631,1.05812,1.04827,1.05215,147534,0,0

2022.06.24,1.05225,1.05711,1.05119,1.05534,103535,0,0

2022.06.27,1.05456,1.06149,1.05456,1.05829,109352,0,0

2022.06.28,1.05817,1.06058,1.05033,1.05180,121778,0,0

2022.06.29,1.05170,1.05353,1.04352,1.04411,128083,0,0

2022.06.30,1.04394,1.04891,1.03823,1.04827,134494,0,0

2022.07.01,1.04826,1.04854,1.03657,1.04261,138542,0,0

2022.07.04,1.04146,1.04627,1.04146,1.04221,82163,0,0

2022.07.05,1.04198,1.04488,1.02349,1.02656,140314,0,0

2022.07.06,1.02641,1.02769,1.01618,1.01810,157888,0,0

2022.07.07,1.01797,1.02213,1.01441,1.01587,126061,0,0

2022.07.08,1.01564,1.01912,1.00717,1.01831,131701,0,0

2022.07.11,1.01696,1.01831,1.00337,1.00396,119721,0,0

2022.07.12,1.00396,1.00739,0.99996,1.00365,139938,0,0

2022.07.13,1.00346,1.01222,0.99977,1.00574,150092,0,0

2022.07.14,1.00551,1.00598,0.99522,1.00178,165084,0,0

2022.07.15,1.00154,1.00981,1.00070,1.00854,121685,0,0

2022.07.18,1.00816,1.02014,1.00734,1.01418,117254,0,0

2022.07.19,1.01408,1.02694,1.01193,1.02247,135544,0,0

2022.07.20,1.02245,1.02729,1.01552,1.01803,124235,0,0

2022.07.21,1.01766,1.02783,1.01535,1.02300,156314,0,0

2022.07.22,1.02282,1.02553,1.01299,1.02109,147879,0,0

2022.07.25,1.02116,1.02580,1.01785,1.02188,125820,0,0

2022.07.26,1.02185,1.02502,1.01077,1.01155,114344,0,0

2022.07.27,1.01134,1.02210,1.00964,1.01975,124371,0,0

2022.07.28,1.02003,1.02344,1.01142,1.01963,141998,0,0

2022.07.29,1.01956,1.02542,1.01461,1.02258,131205,0,0

2022.08.01,1.02075,1.02752,1.02052,1.02617,121566,0,0

2022.08.02,1.02603,1.02936,1.01630,1.01655,149083,0,0

2022.08.03,1.01653,1.02104,1.01229,1.01661,130497,0,0

2022.08.04,1.01672,1.02539,1.01539,1.02447,119698,0,0

2022.08.05,1.02437,1.02518,1.01416,1.01776,109082,0,0

2022.08.08,1.01711,1.02219,1.01594,1.01943,93730,0,0

2022.08.09,1.01945,1.02475,1.01884,1.02126,78664,0,0

2022.08.10,1.02122,1.03688,1.02021,1.02988,116880,0,0

2022.08.11,1.02983,1.03645,1.02757,1.03194,126227,0,0

2022.08.12,1.03174,1.03273,1.02385,1.02560,98414,0,0

2022.08.15,1.02545,1.02684,1.01544,1.01596,91347,0,0

2022.08.16,1.01579,1.01949,1.01224,1.01702,99378,0,0

2022.08.17,1.01698,1.02031,1.01457,1.01807,118800,0,0

2022.08.18,1.01776,1.01930,1.00792,1.00875,103690,0,0

2022.08.19,1.00866,1.00955,1.00321,1.00393,88910,0,0

2022.08.22,1.00348,1.00466,0.99263,0.99430,97175,0,0

2022.08.23,0.99423,1.00179,0.99004,0.99695,119064,0,0

2022.08.24,0.99682,0.99990,0.99101,0.99662,105281,0,0

2022.08.25,0.99640,1.00334,0.99491,0.99743,106438,0,0

2022.08.26,0.99724,1.00901,0.99465,0.99646,121343,0,0

2022.08.29,0.99645,1.00293,0.99143,0.99972,118481,0,0

2022.08.30,0.99927,1.00549,0.99820,1.00137,122280,0,0

2022.08.31,1.00122,1.00790,0.99714,1.00545,124887,0,0

2022.09.01,1.00510,1.00545,0.99110,0.99442,125174,0,0

2022.09.02,0.99442,1.00338,0.99404,0.99571,123370,0,0

2022.09.05,0.99282,0.99443,0.98778,0.99310,91907,0,0

2022.09.06,0.99245,0.99865,0.98640,0.99031,140363,0,0

2022.09.07,0.99031,1.00107,0.98756,1.00057,118654,0,0

2022.09.08,0.99969,1.00300,0.99308,0.99983,140456,0,0

2022.09.09,0.99983,1.01134,0.99915,1.00455,110425,0,0

2022.09.12,1.01017,1.01979,1.00597,1.01211,114623,0,0

2022.09.13,1.01207,1.01873,0.99663,0.99686,118597,0,0

2022.09.14,0.99674,1.00236,0.99551,0.99814,132052,0,0

2022.09.15,0.99781,1.00181,0.99556,0.99966,89766,0,0

2022.09.16,0.99975,1.00367,0.99444,1.00129,102107,0,0

2022.09.19,1.00043,1.00291,0.99659,1.00240,78601,0,0

2022.09.20,1.00197,1.00506,0.99549,0.99711,100195,0,0

2022.09.21,0.99697,0.99753,0.98127,0.98372,125311,0,0

2022.09.22,0.98362,0.99074,0.98075,0.98395,153924,0,0

2022.09.23,0.98283,0.98520,0.96678,0.96880,127176,0,0

2022.09.26,0.96714,0.97090,0.95524,0.96087,197260,0,0

2022.09.27,0.96084,0.96711,0.95691,0.95924,153881,0,0

2022.09.28,0.95923,0.97509,0.95357,0.97347,187873,0,0

2022.09.29,0.97315,0.98151,0.96355,0.98147,172293,0,0

2022.09.30,0.98144,0.98539,0.97348,0.97990,174658,0,0

2022.10.03,0.97747,0.98447,0.97526,0.98246,150501,0,0

2022.10.04,0.98239,0.99996,0.98060,0.99842,144182,0,0

2022.10.05,0.99835,0.99949,0.98345,0.98752,136992,0,0

2022.10.06,0.98747,0.99263,0.97881,0.97911,160911,0,0

2022.10.07,0.97879,0.98168,0.97259,0.97381,137073,0,0

2022.10.10,0.97312,0.97533,0.96819,0.97029,138307,0,0

2022.10.11,0.97005,0.97747,0.96706,0.97075,168526,0,0

2022.10.12,0.97050,0.97343,0.96678,0.97023,158689,0,0

2022.10.13,0.97010,0.98061,0.96314,0.97774,181004,0,0

2022.10.14,0.97717,0.98082,0.97070,0.97234,160630,0,0

2022.10.17,0.97184,0.98522,0.97176,0.98408,145729,0,0

2022.10.18,0.98387,0.98757,0.98127,0.98576,156689,0,0

2022.10.19,0.98545,0.98724,0.97574,0.97722,145621,0,0

2022.10.20,0.97713,0.98456,0.97544,0.97862,160310,0,0

2022.10.21,0.97843,0.98692,0.97050,0.98626,195334,0,0

2022.10.24,0.98619,0.98992,0.98070,0.98737,188722,0,0

2022.10.25,0.98712,0.99769,0.98482,0.99644,144531,0,0

2022.10.26,0.99620,1.00889,0.99433,1.00826,155881,0,0

2022.10.27,1.00746,1.00933,0.99574,0.99634,147016,0,0

2022.10.28,0.99631,0.99981,0.99265,0.99657,134027,0,0

2022.10.31,0.99554,0.99659,0.98711,0.98827,108231,0,0

2022.11.01,0.98827,0.99540,0.98531,0.98748,131555,0,0

2022.11.02,0.98741,0.99761,0.98128,0.98169,133756,0,0

2022.11.03,0.98149,0.98398,0.97302,0.97491,135675,0,0

2022.11.04,0.97492,0.99667,0.97421,0.99594,155495,0,0

2022.11.07,0.99007,1.00341,0.98987,1.00217,138276,0,0

2022.11.08,1.00169,1.00964,0.99717,1.00729,114982,0,0

2022.11.09,1.00715,1.00882,0.99927,1.00120,141815,0,0

2022.11.10,1.00094,1.02220,0.99355,1.02093,167643,0,0

2022.11.11,1.02062,1.03642,1.01629,1.03530,165035,0,0

2022.11.14,1.03393,1.03588,1.02714,1.03260,150622,0,0

2022.11.15,1.03256,1.04819,1.02801,1.03482,197137,0,0

2022.11.16,1.03466,1.04387,1.03305,1.03941,165765,0,0

2022.11.17,1.03933,1.04067,1.03053,1.03636,136029,0,0

2022.11.18,1.03583,1.03960,1.03134,1.03200,119710,0,0

2022.11.21,1.03195,1.03332,1.02228,1.02406,119083,0,0

2022.11.22,1.02384,1.03082,1.02375,1.03035,105456,0,0

2022.11.23,1.03012,1.04052,1.02963,1.03941,122807,0,0

2022.11.24,1.03941,1.04485,1.03819,1.04114,88953,0,0

2022.11.25,1.04067,1.04293,1.03548,1.03939,102115,0,0

2022.11.28,1.03664,1.04969,1.03302,1.03381,134196,0,0

2022.11.29,1.03368,1.03941,1.03199,1.03287,130776,0,0

2022.11.30,1.03276,1.04288,1.02899,1.04055,139665,0,0

2022.12.01,1.04080,1.05335,1.03930,1.05247,147704,0,0

2022.12.02,1.05194,1.05449,1.04281,1.05407,139751,0,0

2022.12.05,1.05306,1.05950,1.04803,1.04908,116575,0,0

2022.12.06,1.04914,1.05329,1.04593,1.04642,115966,0,0

2022.12.07,1.04641,1.05498,1.04431,1.05036,123100,0,0

2022.12.08,1.05031,1.05651,1.04895,1.05523,105367,0,0

2022.12.09,1.05536,1.05881,1.05043,1.05334,111315,0,0

2022.12.12,1.05276,1.05803,1.05058,1.05378,98661,0,0

2022.12.13,1.05351,1.06734,1.05280,1.06319,139941,0,0

2022.12.14,1.06319,1.06951,1.06190,1.06819,144441,0,0

2022.12.15,1.06811,1.07363,1.05922,1.06259,132918,0,0

2022.12.16,1.06236,1.06631,1.05849,1.05891,111112,0,0

2022.12.19,1.05812,1.06580,1.05756,1.06064,109130,0,0

2022.12.20,1.06031,1.06587,1.05788,1.06218,154901,0,0

2022.12.21,1.06232,1.06451,1.05904,1.06040,103142,0,0

2022.12.22,1.06028,1.06595,1.05733,1.05971,104107,0,0

2022.12.23,1.05948,1.06330,1.05865,1.06163,100227,0,0

2022.12.26,1.06282,1.06366,1.06141,1.06352,4866,0,5

2022.12.27,1.06356,1.06696,1.06116,1.06390,63342,0,0

2022.12.28,1.06389,1.06744,1.06063,1.06115,84350,0,0

2022.12.29,1.06091,1.06904,1.06055,1.06610,89359,0,0

2022.12.30,1.06607,1.07133,1.06386,1.06976,112019,0,0

2023.01.02,1.07016,1.07017,1.06499,1.06665,16741,0,0

2023.01.03,1.06642,1.06830,1.05196,1.05470,139201,0,0

2023.01.04,1.05465,1.06354,1.05402,1.06030,140651,0,0

2023.01.05,1.06015,1.06315,1.05150,1.05207,126223,0,0

2023.01.06,1.05205,1.06481,1.04832,1.06427,126014,0,0

2023.01.09,1.06394,1.07607,1.06360,1.07318,115286,0,0

2023.01.10,1.07293,1.07593,1.07121,1.07334,111859,0,0

2023.01.11,1.07329,1.07765,1.07252,1.07556,90213,0,0

2023.01.12,1.07535,1.08670,1.07302,1.08515,141238,0,0

2023.01.13,1.08497,1.08678,1.07805,1.08323,113853,0,0

2023.01.16,1.08295,1.08742,1.08016,1.08210,65771,0,0

2023.01.17,1.08197,1.08694,1.07745,1.07876,114006,0,0

2023.01.18,1.07879,1.08874,1.07661,1.07936,147787,0,0

2023.01.19,1.07903,1.08401,1.07822,1.08294,113010,0,0

2023.01.20,1.08291,1.08591,1.08024,1.08557,89418,0,0

2023.01.23,1.08622,1.09267,1.08464,1.08715,99279,0,0

2023.01.24,1.08705,1.08980,1.08352,1.08879,86692,0,0

2023.01.25,1.08856,1.09236,1.08574,1.09147,89198,0,0

2023.01.26,1.09152,1.09294,1.08506,1.08917,84384,0,0

2023.01.27,1.08909,1.09003,1.08378,1.08673,79737,0,0

2023.01.30,1.08618,1.09138,1.08393,1.08500,84809,0,0

2023.01.31,1.08480,1.08750,1.08017,1.08614,90834,0,0

2023.02.01,1.08607,1.10014,1.08523,1.09886,101648,0,0

2023.02.02,1.09870,1.10329,1.08853,1.09099,122316,0,0

2023.02.03,1.09081,1.09402,1.07923,1.07932,116247,0,0

2023.02.06,1.07800,1.07989,1.07095,1.07249,99074,0,0

2023.02.07,1.07242,1.07664,1.06692,1.07267,127157,0,0

2023.02.08,1.07233,1.07609,1.07094,1.07129,88155,0,0

2023.02.09,1.07095,1.07908,1.07083,1.07386,90671,0,0

2023.02.10,1.07361,1.07529,1.06664,1.06782,94108,0,0

2023.02.13,1.06803,1.07300,1.06555,1.07243,73312,0,0

2023.02.14,1.07188,1.08045,1.07068,1.07352,124125,0,0

2023.02.15,1.07360,1.07445,1.06606,1.06864,92966,0,0

2023.02.16,1.06862,1.07225,1.06546,1.06716,105502,0,0

2023.02.17,1.06720,1.06985,1.06128,1.06935,88032,0,0

2023.02.20,1.06848,1.07047,1.06704,1.06853,46733,0,0

2023.02.21,1.06837,1.06983,1.06375,1.06465,86898,0,0

2023.02.22,1.06445,1.06640,1.05992,1.06045,95621,0,0

2023.02.23,1.06036,1.06278,1.05771,1.05971,85675,0,0

2023.02.24,1.05926,1.06143,1.05362,1.05446,105630,0,0

2023.02.27,1.05459,1.06199,1.05330,1.06096,78958,0,0

2023.02.28,1.06084,1.06454,1.05739,1.05741,76441,0,0

2023.03.01,1.05751,1.06916,1.05654,1.06694,94532,0,0

2023.03.02,1.06683,1.06728,1.05765,1.05972,96540,0,0

2023.03.03,1.05966,1.06387,1.05884,1.06328,83347,0,0

2023.03.06,1.06228,1.06945,1.06217,1.06830,76290,0,0

2023.03.07,1.06819,1.06945,1.05460,1.05495,102510,0,0

2023.03.08,1.05485,1.05740,1.05244,1.05442,78974,0,0

2023.03.09,1.05434,1.05913,1.05380,1.05814,65698,0,0

2023.03.10,1.05815,1.07008,1.05740,1.06381,131346,0,0

2023.03.13,1.06934,1.07486,1.06504,1.07286,191578,0,0

2023.03.14,1.07274,1.07496,1.06790,1.07309,139807,0,0

2023.03.15,1.07310,1.07599,1.05160,1.05766,155778,0,0

2023.03.16,1.05757,1.06357,1.05507,1.06115,145541,0,0

2023.03.17,1.06115,1.06854,1.06081,1.06653,99112,0,0

2023.03.20,1.06830,1.07309,1.06313,1.07177,112944,0,0

2023.03.21,1.07177,1.07886,1.07041,1.07667,75277,0,0

2023.03.22,1.07667,1.09125,1.07592,1.08574,94444,0,0

2023.03.23,1.08574,1.09299,1.08242,1.08320,100584,0,0

2023.03.24,1.08320,1.08384,1.07124,1.07601,107212,0,0

2023.03.27,1.07706,1.08001,1.07451,1.07977,73682,0,0

2023.03.28,1.07974,1.08486,1.07934,1.08444,65412,0,0

2023.03.29,1.08454,1.08717,1.08178,1.08444,69762,0,0

2023.03.30,1.08432,1.09263,1.08237,1.09050,70017,0,0

2023.03.31,1.09044,1.09257,1.08363,1.08429,71293,0,0

2023.04.03,1.08398,1.09167,1.07882,1.09031,78371,0,0

2023.04.04,1.09015,1.09733,1.08830,1.09560,73385,0,0

2023.04.05,1.09547,1.09696,1.08911,1.09056,68562,0,0

2023.04.06,1.09063,1.09377,1.08846,1.09192,55836,0,0

2023.04.07,1.09198,1.09240,1.08757,1.08984,23716,0,0

2023.04.10,1.08953,1.09173,1.08313,1.08613,45051,0,0

2023.04.11,1.08599,1.09282,1.08458,1.09131,58069,0,0

2023.04.12,1.09122,1.10004,1.09060,1.09914,61907,0,0

2023.04.13,1.09903,1.10678,1.09766,1.10473,58269,0,0

2023.04.14,1.10462,1.10759,1.09724,1.09946,67756,0,0

2023.04.17,1.09886,1.09998,1.09093,1.09287,59290,0,0

2023.04.18,1.09269,1.09830,1.09202,1.09723,55761,0,0

2023.04.19,1.09728,1.09840,1.09174,1.09558,61815,0,0

2023.04.20,1.09545,1.09898,1.09335,1.09698,61734,0,0

2023.04.21,1.09698,1.09938,1.09379,1.09894,57227,0,0

2023.04.24,1.09885,1.10501,1.09659,1.10446,50008,0,0

2023.04.25,1.10457,1.10670,1.09641,1.09746,59695,0,0

2023.04.26,1.09730,1.10956,1.09604,1.10416,73836,0,0

2023.04.27,1.10382,1.10635,1.09922,1.10284,65397,0,0

2023.04.28,1.10281,1.10450,1.09624,1.10163,82558,0,0

2023.05.01,1.10119,1.10357,1.09644,1.09759,50698,0,0

2023.05.02,1.09755,1.10080,1.09422,1.09993,64726,0,0

2023.05.03,1.09983,1.10916,1.09969,1.10600,73928,0,0

2023.05.04,1.10606,1.10918,1.09862,1.10138,86213,0,0

2023.05.05,1.10105,1.10479,1.09667,1.10182,60430,0,0

2023.05.08,1.10226,1.10538,1.10001,1.10043,45944,0,0

2023.05.09,1.10033,1.10050,1.09411,1.09604,52387,0,0

2023.05.10,1.09606,1.10070,1.09417,1.09830,64984,0,0

2023.05.11,1.09818,1.09981,1.09002,1.09165,69456,0,0

2023.05.12,1.09149,1.09356,1.08478,1.08498,61242,0,0

2023.05.15,1.08530,1.08909,1.08454,1.08741,51089,0,0

2023.05.16,1.08736,1.09047,1.08549,1.08616,59097,0,0

2023.05.17,1.08617,1.08736,1.08103,1.08381,59646,0,0

2023.05.18,1.08377,1.08480,1.07625,1.07711,56757,0,0

2023.05.19,1.07686,1.08288,1.07599,1.08048,69159,0,0

2023.05.22,1.08045,1.08314,1.07956,1.08131,63834,0,0

2023.05.23,1.08110,1.08205,1.07602,1.07709,68646,0,0

2023.05.24,1.07693,1.08014,1.07482,1.07505,76729,0,0

2023.05.25,1.07486,1.07566,1.07074,1.07251,71253,0,0

2023.05.26,1.07242,1.07587,1.07018,1.07258,65979,0,0

2023.05.29,1.07178,1.07436,1.07055,1.07093,26812,0,0

2023.05.30,1.07082,1.07467,1.06726,1.07346,72119,0,0

2023.05.31,1.07330,1.07356,1.06353,1.06885,77074,0,0

2023.06.01,1.06872,1.07686,1.06619,1.07615,66325,0,0

2023.06.02,1.07617,1.07791,1.07052,1.07060,59141,0,0

2023.06.05,1.07071,1.07225,1.06747,1.07125,61925,0,0

2023.06.06,1.07109,1.07329,1.06671,1.06923,50815,0,0

2023.06.07,1.06915,1.07398,1.06683,1.06982,53385,0,0

2023.06.08,1.06975,1.07871,1.06913,1.07814,53287,0,0

2023.06.09,1.07823,1.07851,1.07430,1.07495,48339,0,0

2023.06.12,1.07448,1.07902,1.07330,1.07579,53350,0,0

2023.06.13,1.07567,1.08236,1.07509,1.07925,63916,0,0

2023.06.14,1.07923,1.08640,1.07740,1.08308,62307,0,0

2023.06.15,1.08303,1.09528,1.08039,1.09454,61404,0,0

2023.06.16,1.09425,1.09706,1.09176,1.09406,58638,0,0

2023.06.19,1.09273,1.09463,1.09073,1.09225,39494,0,0

2023.06.20,1.09197,1.09463,1.08918,1.09178,61768,0,0

2023.06.21,1.09176,1.09908,1.09056,1.09856,64901,0,0

2023.06.22,1.09856,1.10122,1.09486,1.09551,59803,0,0

2023.06.23,1.09551,1.09586,1.08444,1.08898,67374,0,0

2023.06.26,1.09047,1.09202,1.08873,1.09053,58682,0,0

2023.06.27,1.09052,1.09769,1.09018,1.09599,74820,0,0

2023.06.28,1.09603,1.09626,1.08968,1.09124,74325,0,0

2023.06.29,1.09123,1.09415,1.08602,1.08631,86189,0,0

2023.06.30,1.08632,1.09319,1.08354,1.09092,71133,0,0

2023.07.03,1.09090,1.09340,1.08702,1.09103,54133,0,0

2023.07.04,1.09102,1.09163,1.08767,1.08784,31628,0,0

2023.07.05,1.08790,1.09079,1.08510,1.08534,54500,0,0

2023.07.06,1.08533,1.09007,1.08336,1.08883,74118,0,0

2023.07.07,1.08853,1.09734,1.08671,1.09680,74702,0,0

2023.07.10,1.09590,1.10015,1.09436,1.10007,48487,0,0

2023.07.11,1.10008,1.10270,1.09769,1.10079,51314,0,0

2023.07.12,1.10074,1.11404,1.09972,1.11292,75485,0,0

2023.07.13,1.11251,1.12279,1.11251,1.12252,73456,0,0

2023.07.14,1.12257,1.12450,1.12028,1.12303,63734,0,0

2023.07.17,1.12288,1.12488,1.12033,1.12314,46415,0,0

2023.07.18,1.12314,1.12758,1.12089,1.12280,76344,0,0

2023.07.19,1.12263,1.12402,1.11744,1.11986,69164,0,0

2023.07.20,1.11991,1.12290,1.11185,1.11290,67690,0,0

2023.07.21,1.11291,1.11449,1.11080,1.11246,57028,0,0

2023.07.24,1.11213,1.11470,1.10603,1.10641,67541,0,0

2023.07.25,1.10636,1.10869,1.10206,1.10497,60015,0,0

2023.07.26,1.10500,1.11065,1.10378,1.10852,76916,0,0

2023.07.27,1.10856,1.11497,1.09659,1.09765,110742,0,0

2023.07.28,1.09762,1.10477,1.09437,1.10141,106941,0,0

2023.07.31,1.10230,1.10459,1.09932,1.09964,63873,0,0

2023.08.01,1.09966,1.10029,1.09525,1.09842,63981,0,0

2023.08.02,1.09816,1.10187,1.09178,1.09379,77015,0,0

2023.08.03,1.09371,1.09628,1.09124,1.09480,80559,0,0

2023.08.04,1.09490,1.10421,1.09293,1.10055,78356,0,0

2023.08.07,1.10111,1.10160,1.09655,1.10021,52824,0,0

2023.08.08,1.10026,1.10112,1.09292,1.09556,61011,0,0

2023.08.09,1.09556,1.09954,1.09445,1.09734,49227,0,0

2023.08.10,1.09739,1.10653,1.09651,1.09805,92544,0,0

2023.08.11,1.09799,1.10049,1.09431,1.09451,66144,0,0

2023.08.14,1.09492,1.09602,1.08744,1.09052,70515,0,0

2023.08.15,1.09028,1.09525,1.08967,1.09043,86676,0,0

2023.08.16,1.09042,1.09346,1.08716,1.08788,69353,0,0

2023.08.17,1.08789,1.09185,1.08561,1.08717,91669,0,0

2023.08.18,1.08716,1.08938,1.08451,1.08696,83896,0,0

2023.08.21,1.08671,1.09137,1.08634,1.08949,75631,0,0

2023.08.22,1.08949,1.09305,1.08329,1.08452,75116,0,0

2023.08.23,1.08448,1.08715,1.08026,1.08627,78253,0,0

2023.08.24,1.08631,1.08767,1.08050,1.08096,60671,0,0

2023.08.25,1.08086,1.08420,1.07656,1.07944,86091,0,0

2023.08.28,1.07958,1.08223,1.07928,1.08182,52427,0,0

2023.08.29,1.08186,1.08920,1.07822,1.08793,80309,0,0

2023.08.30,1.08796,1.09455,1.08551,1.09227,85044,0,0

2023.08.31,1.09228,1.09394,1.08353,1.08427,88395,0,0

2023.09.01,1.08428,1.08818,1.07715,1.07728,103994,0,0

2023.09.04,1.07738,1.08089,1.07712,1.07934,35955,0,0

2023.09.05,1.07961,1.07983,1.07062,1.07209,85366,0,0

2023.09.06,1.07220,1.07489,1.07024,1.07268,83401,0,0

2023.09.07,1.07233,1.07318,1.06861,1.06948,72783,0,0

2023.09.08,1.06965,1.07438,1.06924,1.06993,69538,0,0

2023.09.11,1.07147,1.07594,1.06980,1.07500,65836,0,0

2023.09.12,1.07427,1.07688,1.07055,1.07529,61037,0,0

2023.09.13,1.07538,1.07647,1.07107,1.07283,87189,0,0

2023.09.14,1.07281,1.07522,1.06319,1.06420,100373,0,0

2023.09.15,1.06426,1.06879,1.06314,1.06591,72822,0,0

2023.09.18,1.06587,1.06989,1.06546,1.06907,53916,0,0

2023.09.19,1.06913,1.07181,1.06691,1.06790,57943,0,0

2023.09.20,1.06775,1.07370,1.06501,1.06608,80266,0,0

2023.09.21,1.06597,1.06736,1.06164,1.06604,89987,0,0

2023.09.22,1.06580,1.06718,1.06149,1.06428,51569,0,0

2023.09.25,1.06498,1.06552,1.05753,1.05919,35702,0,0

2023.09.26,1.05928,1.06091,1.05618,1.05719,38537,0,0

2023.09.27,1.05682,1.05740,1.04881,1.05015,47779,0,0

2023.09.28,1.05009,1.05790,1.04909,1.05640,58724,0,0

2023.09.29,1.05646,1.06170,1.05544,1.05735,57689,0,0

2023.10.02,1.05651,1.05917,1.04768,1.04768,52023,0,0

2023.10.03,1.04770,1.04934,1.04480,1.04655,68335,0,0

2023.10.04,1.04665,1.05323,1.04514,1.05037,57780,0,0

2023.10.05,1.05061,1.05517,1.05002,1.05489,79048,0,0

